oidezor,msezor,krova,ktatrova,g5to9,g10to14,g15to19,g20to24,g25to29,g30to34,g35to39,g40to44,g45to49,g50to54,g55to59,g60to64,g65to69,g70to74,sumpop,shana,g75to79,g80to84,g85to89,g90up,ShapeArea,g0to4,UniqueId,dateimport,OBJECTID_1,Join_Count,TARGET_FID,start,OBJECTID_12,Join_Count_1,TARGET_FID_1,end,Shape_Length_1,Shape_Area_1,Shape_Length,Shape_Area
1,111,1,11,0,0,0,0,0,0,0,0,0,0,0,0,0,0,0,0,0,0,0,0,3191897.245,0,512-1,28/12/2021 02:08,1,6565,0,6565,1,6524,0,6524,0.178990609,0.000305,0.178990609,0.000305
2,112,1,11,475,403,312,266,229,296,405,448,453,322,326,349,434,514,6191,2020,271,157,55,23,1158055.102,454,512-2,28/12/2021 02:08,2,4856,1,4856,2,4919,1,4919,0.052480893,0.000110672,0.052480893,0.000110672
13,113,1,11,1169,930,717,606,542,742,1006,1019,894,731,531,521,546,603,12327,2020,332,188,84,30,756403.8758,1135,512-13,28/12/2021 02:08,13,6067,12,6067,13,6133,12,6133,0.035107511,7.22761E-05,0.035107511,7.22761E-05
31,114,1,11,511,473,381,395,324,465,520,527,471,390,324,335,368,420,7140,2020,288,191,110,48,873612.5048,598,512-31,28/12/2021 02:08,31,4753,30,4753,31,4769,30,4769,0.038702096,8.3466E-05,0.038702096,8.3466E-05
33,115,1,11,514,348,251,238,244,321,455,461,352,266,239,321,372,392,5694,2020,210,136,65,29,421229.9333,483,512-33,28/12/2021 02:08,33,3428,32,3428,33,3457,32,3457,0.028635899,4.02422E-05,0.028635899,4.02422E-05
4,121,1,12,272,236,185,202,206,216,255,272,233,173,160,221,259,278,3768,2020,144,107,57,30,424161.676,263,512-4,28/12/2021 02:08,4,2347,3,2347,4,2365,3,2365,0.026315483,4.05336E-05,0.026315483,4.05336E-05
3,122,1,12,267,266,162,167,162,180,220,238,246,146,187,207,285,315,3662,2020,201,107,57,43,407483.8772,205,512-3,28/12/2021 02:08,3,4198,2,4198,3,4216,2,4216,0.026879924,3.89403E-05,0.026879924,3.89403E-05
7,123,1,12,388,296,208,192,248,316,420,363,316,215,194,202,334,341,4834,2020,195,103,65,32,269936.0057,405,512-7,28/12/2021 02:08,7,3046,6,3046,7,3106,6,3106,0.02325669,2.57947E-05,0.02325669,2.57947E-05
15,124,1,12,367,308,251,205,173,165,234,295,344,222,222,233,198,280,4629,2020,245,301,215,113,286067.9271,259,512-15,28/12/2021 02:08,15,3288,14,3288,15,3343,14,3343,0.024118474,2.73352E-05,0.024118474,2.73352E-05
17,125,1,12,421,306,223,229,308,337,373,410,314,226,195,176,177,232,4758,2020,152,147,106,50,232621.2736,376,512-17,28/12/2021 02:08,17,3168,16,3168,17,3179,16,3179,0.025252646,2.22272E-05,0.025252646,2.22272E-05
11,131,1,13,165,173,161,147,116,103,140,150,159,128,120,148,139,152,2501,2020,108,105,79,49,534391.326,158,512-11,28/12/2021 02:08,11,3425,10,3425,11,3377,10,3377,0.02918212,5.1064E-05,0.02918212,5.1064E-05
22,132,1,13,200,139,106,163,328,261,291,225,197,129,143,102,131,118,3139,2020,130,121,79,39,257426.8039,237,512-22,28/12/2021 02:08,22,3943,21,3943,22,4012,21,4012,0.020127039,2.45972E-05,0.020127039,2.45972E-05
29,133,1,13,327,228,182,235,503,478,410,357,323,257,201,175,200,203,5104,2020,136,167,144,164,513370.7844,415,512-29,28/12/2021 02:08,29,4043,28,4043,29,4118,28,4118,0.029185516,4.9049E-05,0.029185516,4.9049E-05
28,134,1,13,269,237,422,1569,834,365,258,239,248,186,158,136,122,101,5672,2020,46,73,82,103,348557.4871,226,512-28,28/12/2021 02:08,28,5235,27,5235,28,5286,27,5286,0.03031228,3.33022E-05,0.03031228,3.33022E-05
24,135,1,13,0,0,0,0,0,0,0,0,0,0,0,0,0,0,0,0,0,0,0,0,1459851.148,0,512-24,28/12/2021 02:08,24,8864,23,8864,24,7951,23,7951,0.061285124,0.00013948,0.061285124,0.00013948
30,136,1,13,0,0,0,0,0,0,0,0,0,0,0,0,0,0,0,0,0,0,0,0,1881473.628,0,512-30,28/12/2021 02:08,30,2200,29,2200,30,2196,29,2196,0.087431968,0.000179749,0.087431968,0.000179749
10,211,2,21,461,533,493,364,240,248,362,423,492,418,286,245,247,300,5861,2020,158,127,64,29,579175.8284,372,512-10,28/12/2021 02:08,10,5083,9,5083,10,5178,9,5178,0.037586179,5.53441E-05,0.037586179,5.53441E-05
14,212,2,21,447,403,322,278,270,306,450,484,423,305,272,250,305,326,5648,2020,164,98,63,25,330083.4688,458,512-14,28/12/2021 02:08,14,3972,13,3972,14,4052,13,4052,0.022699378,3.15409E-05,0.022699378,3.15409E-05
19,213,2,21,332,346,227,190,136,145,202,284,287,216,191,161,96,91,3408,2020,88,66,64,32,675489.5766,253,512-19,28/12/2021 02:08,19,4131,18,4131,19,4178,18,4178,0.033833764,6.45422E-05,0.033833764,6.45422E-05
23,214,2,21,159,188,181,164,188,180,206,191,199,189,138,143,147,165,2971,2020,115,104,86,70,353549.0774,156,512-23,28/12/2021 02:08,23,3443,22,3443,23,3456,22,3456,0.024953988,3.37816E-05,0.024953988,3.37816E-05
27,215,2,21,411,347,473,349,234,359,452,450,449,280,217,205,204,197,5330,2020,137,76,58,32,553995.7418,400,512-27,28/12/2021 02:08,27,5319,26,5319,27,5424,26,5424,0.038412428,5.29314E-05,0.038412428,5.29314E-05
32,216,2,21,202,188,112,113,140,161,229,245,194,145,108,124,160,151,2650,2020,90,36,27,19,438484.6038,206,512-32,28/12/2021 02:08,32,2817,31,2817,32,2886,31,2886,0.036936078,4.18932E-05,0.036936078,4.18932E-05
5,221,2,22,0,0,0,0,0,0,0,0,0,0,0,0,0,0,0,0,0,0,0,0,354381.1341,0,512-5,28/12/2021 02:08,5,548,4,548,5,542,4,542,0.02766842,3.38658E-05,0.02766842,3.38658E-05
6,222,2,22,371,326,258,156,123,196,296,387,332,223,169,156,170,175,4083,2020,115,103,113,58,288898.7993,356,512-6,28/12/2021 02:08,6,3184,5,3184,6,3255,5,3255,0.026579899,2.76079E-05,0.026579899,2.76079E-05
8,223,2,22,406,471,433,388,284,236,271,383,450,392,319,265,237,244,5296,2020,100,71,29,12,471093.4639,305,512-8,28/12/2021 02:08,8,4059,7,4059,8,4111,7,4111,0.027292289,4.50166E-05,0.027292289,4.50166E-05
9,224,2,22,129,203,180,169,105,87,113,96,138,152,133,163,148,95,2133,2020,36,35,20,30,557890.6245,102,512-9,28/12/2021 02:08,9,1916,8,1916,9,1952,8,1952,0.033563611,5.33107E-05,0.033563611,5.33107E-05
12,225,2,22,233,191,154,187,355,378,388,310,245,200,233,220,182,157,3998,2020,72,79,45,32,153234.9401,335,512-12,28/12/2021 02:08,12,1181,11,1181,12,1189,11,1189,0.022417675,1.46425E-05,0.022417675,1.46425E-05
16,226,2,22,329,297,311,238,350,522,470,319,300,287,237,248,223,176,5109,2020,86,67,74,62,247051.5085,513,512-16,28/12/2021 02:08,16,2418,15,2418,16,2464,15,2464,0.022198944,2.36066E-05,0.022198944,2.36066E-05
21,231,2,23,328,367,343,280,174,147,162,301,375,310,189,220,210,238,4118,2020,137,91,50,13,380694.408,185,512-21,28/12/2021 02:08,21,3611,20,3611,21,3664,20,3664,0.025967282,3.6376E-05,0.025967282,3.6376E-05
25,232,2,23,172,240,217,192,134,121,110,159,248,192,161,103,113,149,2695,2020,113,91,40,11,405576.8129,130,512-25,28/12/2021 02:08,25,1912,24,1912,25,1959,24,1959,0.026537028,3.87514E-05,0.026537028,3.87514E-05
20,233,2,23,325,317,283,232,209,207,248,305,326,258,225,177,188,168,3940,2020,73,67,48,47,724838.5956,237,512-20,28/12/2021 02:08,20,4140,19,4140,20,4186,19,4186,0.035650929,6.92567E-05,0.035650929,6.92567E-05
26,234,2,23,0,0,0,0,0,0,0,1,2,2,2,1,3,3,245,2020,9,52,103,67,555107.9939,0,512-26,28/12/2021 02:08,26,7254,25,7254,26,7227,25,7227,0.044622434,5.30373E-05,0.044622434,5.30373E-05
18,235,2,23,0,0,0,0,0,0,0,0,0,0,0,0,0,0,0,0,0,0,0,0,943857.3174,0,512-18,28/12/2021 02:08,18,139,17,139,18,235,17,235,0.043220518,9.01848E-05,0.043220518,9.01848E-05
34,311,3,31,0,0,0,0,0,0,0,0,0,0,0,0,0,0,0,0,0,0,0,0,212100.6979,0,512-34,28/12/2021 02:08,34,1355,33,1355,34,1379,33,1379,0.029136445,2.02626E-05,0.029136445,2.02626E-05
38,312,3,31,110,84,56,72,346,407,259,206,157,85,97,89,95,94,2455,2020,62,42,35,27,167681.379,132,512-38,28/12/2021 02:08,38,2931,37,2931,38,2978,37,2978,0.019649359,1.60183E-05,0.019649359,1.60183E-05
37,313,3,31,86,51,54,57,253,406,277,162,121,80,71,79,102,53,2122,2020,36,27,21,23,116001.0256,163,512-37,28/12/2021 02:08,37,3875,36,3875,37,3861,36,3861,0.015211461,1.10814E-05,0.015211461,1.10814E-05
40,314,3,31,220,147,56,98,505,783,645,378,264,145,115,134,133,152,4439,2020,97,83,54,50,223826.5856,383,512-40,28/12/2021 02:08,40,3057,39,3057,40,3119,39,3119,0.019068752,2.13817E-05,0.019068752,2.13817E-05
46,315,3,31,117,80,43,107,556,840,530,305,176,150,116,122,120,130,3913,2020,64,76,47,35,178098.4484,297,512-46,28/12/2021 02:08,46,5302,45,5302,46,5588,45,5588,0.016581237,1.70127E-05,0.016581237,1.70127E-05
45,316,3,31,85,46,34,58,255,345,241,140,76,69,63,65,60,63,1859,2020,42,35,24,16,72052.37005,146,512-45,28/12/2021 02:08,45,1998,44,1998,45,1668,44,1668,0.010848775,6.88275E-06,0.010848775,6.88275E-06
44,317,3,31,98,73,49,87,320,367,271,151,131,80,74,59,82,68,2175,2020,52,29,19,33,103613.0096,133,512-44,28/12/2021 02:08,44,1433,43,1433,44,1261,43,1261,0.012683569,9.89759E-06,0.012683569,9.89759E-06
51,321,3,32,107,69,43,84,262,280,222,130,80,69,69,48,63,62,1823,2020,44,30,23,22,88882.41469,117,512-51,28/12/2021 02:08,51,2894,50,2894,51,3144,50,3144,0.012174928,8.49022E-06,0.012174928,8.49022E-06
52,322,3,32,83,68,44,60,198,274,168,125,94,79,75,69,56,59,1698,2020,29,38,14,19,58089.71972,146,512-52,28/12/2021 02:08,52,558,51,558,52,527,51,527,0.009460747,5.54881E-06,0.009460747,5.54881E-06
53,323,3,32,176,113,78,128,566,894,524,334,214,165,117,143,137,126,4224,2020,74,37,50,43,138036.7849,306,512-53,28/12/2021 02:08,53,3032,52,3032,53,3198,52,3198,0.01508457,1.31854E-05,0.01508457,1.31854E-05
59,324,3,32,77,51,34,69,330,511,295,166,105,90,65,69,66,68,2287,2020,42,42,36,35,125201.3385,138,512-59,28/12/2021 02:08,59,3841,58,3841,59,3854,58,3854,0.014076246,1.19588E-05,0.014076246,1.19588E-05
57,325,3,32,183,124,91,108,475,645,467,288,228,128,124,139,147,141,3824,2020,101,81,52,39,138472.5866,264,512-57,28/12/2021 02:08,57,2022,56,2022,57,2102,56,2102,0.014947602,1.32267E-05,0.014947602,1.32267E-05
55,326,3,32,94,84,30,87,400,545,342,222,141,103,94,86,78,93,2820,2020,59,69,70,64,109502.0667,160,512-55,28/12/2021 02:08,55,3302,54,3302,55,3266,54,3266,0.013057823,1.04596E-05,0.013057823,1.04596E-05
42,331,3,33,96,54,50,64,219,278,245,139,103,94,88,84,74,76,1957,2020,62,38,27,24,300538.6121,141,512-42,28/12/2021 02:08,42,2069,41,2069,42,2068,41,2068,0.064080727,2.87081E-05,0.064080727,2.87081E-05
60,332,3,33,0,0,0,0,0,0,0,0,0,0,0,0,0,0,0,0,0,0,0,0,69321.64934,0,512-60,28/12/2021 02:08,60,779,59,779,60,849,59,849,0.010483598,6.62141E-06,0.010483598,6.62141E-06
62,333,3,33,42,33,32,67,257,259,186,109,76,67,44,57,53,57,1517,2020,27,25,21,20,64093.24798,84,512-62,28/12/2021 02:08,62,361,61,361,62,335,61,335,0.010068181,6.12197E-06,0.010068181,6.12197E-06
69,334,3,33,84,59,36,118,383,397,262,149,130,113,68,75,96,65,2299,2020,47,47,24,28,80205.62614,116,512-69,28/12/2021 02:08,69,1561,68,1561,69,1617,68,1617,0.011731446,7.66077E-06,0.011731446,7.66077E-06
66,335,3,33,53,43,29,75,255,273,157,113,87,68,68,69,84,78,1672,2020,40,48,32,28,154721.4392,73,512-66,28/12/2021 02:08,66,1941,65,1941,66,1969,65,1969,0.016304095,1.4778E-05,0.016304095,1.4778E-05
74,336,3,33,82,56,48,88,339,343,235,148,110,82,75,86,86,92,2099,2020,42,25,23,25,77074.95072,113,512-74,28/12/2021 02:08,74,1444,73,1444,74,1447,73,1447,0.010961875,7.36156E-06,0.010961875,7.36156E-06
76,337,3,33,58,41,31,62,287,409,268,133,99,75,49,68,62,50,1910,2020,38,25,20,15,86063.57396,119,512-76,28/12/2021 02:08,76,4191,75,4191,76,4044,75,4044,0.012367194,8.22002E-06,0.012367194,8.22002E-06
64,341,3,34,67,65,32,73,371,448,228,196,122,68,53,64,64,63,2156,2020,40,18,26,20,84239.81179,136,512-64,28/12/2021 02:08,64,1580,63,1580,64,1574,63,1574,0.011886783,8.04624E-06,0.011886783,8.04624E-06
70,342,3,34,74,58,29,72,381,467,238,161,115,78,55,51,85,78,2187,2020,44,34,28,14,66064.36271,123,512-70,28/12/2021 02:08,70,1066,69,1066,70,1023,69,1023,0.010610516,6.31007E-06,0.010610516,6.31007E-06
77,343,3,34,71,80,44,76,380,466,269,146,114,79,75,68,60,77,2248,2020,44,27,22,30,93809.25929,122,512-77,28/12/2021 02:08,77,813,76,813,77,687,76,687,0.016168158,8.95984E-06,0.016168158,8.95984E-06
84,344,3,34,59,44,20,57,354,408,251,142,115,85,56,39,66,68,2037,2020,53,39,35,36,83445.87858,108,512-84,28/12/2021 02:08,84,2342,83,2342,84,2478,83,2478,0.011518151,7.96983E-06,0.011518151,7.96983E-06
89,345,3,34,122,111,73,115,306,333,221,157,146,104,87,75,90,73,2291,2020,38,40,17,35,125164.0937,150,512-89,28/12/2021 02:08,89,5797,88,5797,89,3995,88,3995,0.017221176,1.1954E-05,0.017221176,1.1954E-05
86,346,3,34,105,90,68,96,398,464,293,206,172,104,64,82,74,89,2583,2020,50,33,24,24,97889.10557,148,512-86,28/12/2021 02:08,86,2227,85,2227,86,2236,85,2236,0.014676405,9.34922E-06,0.014676405,9.34922E-06
80,347,3,34,123,85,76,115,472,532,323,227,172,113,89,103,113,104,3022,2020,63,51,39,34,128622.5985,188,512-80,28/12/2021 02:08,80,942,79,942,80,909,79,909,0.015290757,1.22848E-05,0.015290757,1.22848E-05
79,348,3,34,46,32,17,36,242,284,155,89,63,41,33,32,38,36,1283,2020,20,14,16,11,50956.11105,78,512-79,28/12/2021 02:08,79,1446,78,1446,79,1544,78,1544,0.009921827,4.8669E-06,0.009921827,4.8669E-06
68,349,3,34,63,48,35,59,261,319,186,124,80,56,51,63,71,52,1687,2020,37,39,25,20,86661.65956,101,512-68,28/12/2021 02:08,68,1440,67,1440,68,1472,67,1472,0.012784664,8.2774E-06,0.012784664,8.2774E-06
35,411,4,41,441,270,150,131,207,455,624,506,344,217,129,157,172,220,5126,2020,159,154,112,53,970668.9131,625,512-35,28/12/2021 02:08,35,2597,34,2597,35,2597,34,2597,0.050210883,9.27282E-05,0.050210883,9.27282E-05
41,412,4,41,460,333,229,158,167,283,479,462,347,251,144,157,203,260,4884,2020,184,135,92,56,333226.1627,483,512-41,28/12/2021 02:08,41,2024,40,2024,41,2055,40,2055,0.023235792,3.18321E-05,0.023235792,3.18321E-05
36,413,4,41,242,153,99,130,305,530,532,309,242,150,122,126,100,156,3838,2020,90,82,69,47,273125.2077,353,512-36,28/12/2021 02:08,36,4036,35,4036,36,4070,35,4070,0.021214701,2.60912E-05,0.021214701,2.60912E-05
39,414,4,41,183,105,46,89,322,544,425,273,191,112,85,102,96,92,3083,2020,47,42,49,24,218195.5947,256,512-39,28/12/2021 02:08,39,1261,38,1261,39,1290,38,1290,0.019941743,2.08441E-05,0.019941743,2.08441E-05
43,415,4,41,311,190,129,115,426,594,468,378,272,172,144,118,115,115,4069,2020,78,42,39,46,223278.5064,320,512-43,28/12/2021 02:08,43,4172,42,4172,43,4247,42,4247,0.020747392,2.13289E-05,0.020747392,2.13289E-05
50,421,4,42,195,103,72,84,266,378,333,237,151,94,62,66,78,67,2677,2020,56,53,45,47,126891.3185,289,512-50,28/12/2021 02:08,50,1686,49,1686,50,1670,49,1670,0.014006464,1.2121E-05,0.014006464,1.2121E-05
49,422,4,42,308,221,87,97,201,304,343,335,213,131,107,122,150,147,3473,2020,110,86,92,84,142086.5974,336,512-49,28/12/2021 02:08,49,1753,48,1753,49,1732,48,1732,0.014951185,1.35725E-05,0.014951185,1.35725E-05
48,423,4,42,291,200,134,126,161,219,285,226,231,146,127,124,150,163,3277,2020,128,122,97,66,316687.917,282,512-48,28/12/2021 02:08,48,2762,47,2762,48,2768,47,2768,0.023723694,3.02507E-05,0.023723694,3.02507E-05
58,424,4,42,201,123,79,88,286,405,351,221,196,109,108,94,87,107,3080,2020,89,81,66,52,171807.9999,336,512-58,28/12/2021 02:08,58,2200,57,2200,58,2224,57,2224,0.016828459,1.64108E-05,0.016828459,1.64108E-05
56,425,4,42,0,0,0,0,0,0,0,0,0,0,0,0,0,0,0,0,0,0,0,0,99485.4727,0,512-56,28/12/2021 02:08,56,1849,55,1849,56,1951,55,1951,0.012774828,9.50277E-06,0.012774828,9.50277E-06
54,426,4,42,143,103,70,93,240,318,256,195,137,105,93,75,103,94,2395,2020,54,51,40,23,123822.9228,203,512-54,28/12/2021 02:08,54,528,53,528,54,502,53,502,0.013858446,1.18276E-05,0.013858446,1.18276E-05
61,431,4,43,125,128,71,111,357,514,263,178,155,130,111,89,81,87,2776,2020,59,48,44,31,148635.5818,192,512-61,28/12/2021 02:08,61,2307,60,2307,61,2340,60,2340,0.016659958,1.41972E-05,0.016659958,1.41972E-05
63,432,4,43,272,210,195,130,295,395,364,310,255,177,159,181,178,194,4075,2020,142,131,102,78,206391.515,308,512-63,28/12/2021 02:08,63,3587,62,3587,63,3644,62,3644,0.020954985,1.97135E-05,0.020954985,1.97135E-05
72,433,4,43,193,146,109,105,315,426,305,254,216,138,116,119,128,142,3227,2020,101,67,64,39,200912.055,247,512-72,28/12/2021 02:08,72,2439,71,2439,72,2444,71,2444,0.01925418,1.91894E-05,0.01925418,1.91894E-05
75,434,4,43,5,18,12,1,2,0,3,2,2,0,4,2,2,2,93,2020,3,9,13,10,141798.487,2,512-75,28/12/2021 02:08,75,2947,74,2947,75,2644,74,2644,0.020214201,1.35433E-05,0.020214201,1.35433E-05
67,435,4,43,64,12,10,26,60,148,136,81,58,36,30,36,27,34,1249,2020,33,80,113,136,121705.235,128,512-67,28/12/2021 02:08,67,1505,66,1505,67,1234,66,1234,0.013816252,1.16246E-05,0.013816252,1.16246E-05
65,436,4,43,122,82,127,141,296,337,205,105,110,59,59,42,53,65,2056,2020,30,34,13,20,142137.2458,157,512-65,28/12/2021 02:08,65,1604,64,1604,65,1719,64,1719,0.020006949,1.35762E-05,0.020006949,1.35762E-05
47,437,4,43,153,88,93,110,162,203,214,155,126,135,112,163,229,225,2599,2020,122,57,22,5,549398.7065,225,512-47,28/12/2021 02:08,47,3700,46,3700,47,3734,46,3734,0.036499719,5.24782E-05,0.036499719,5.24782E-05
78,511,5,51,30,32,20,60,212,221,106,94,71,81,59,60,67,73,1362,2020,40,29,21,29,180227.6375,56,512-78,28/12/2021 02:08,78,2791,77,2791,78,2831,77,2831,0.020497117,1.72133E-05,0.020497117,1.72133E-05
83,512,5,51,81,58,58,105,363,454,237,203,142,111,101,85,102,79,2407,2020,50,29,24,16,97664.49891,108,512-83,28/12/2021 02:08,83,1283,82,1283,83,1237,82,1237,0.013456728,9.32779E-06,0.013456728,9.32779E-06
90,513,5,51,116,96,75,112,341,453,303,188,150,137,117,110,128,101,2722,2020,52,30,25,19,101146.2036,169,512-90,28/12/2021 02:08,90,1201,89,1201,90,1186,89,1186,0.013622096,9.65999E-06,0.013622096,9.65999E-06
87,514,5,51,126,83,47,127,442,492,341,215,139,115,104,114,88,89,2857,2020,58,51,27,19,118717.4429,179,512-87,28/12/2021 02:08,87,2555,86,2555,87,2629,86,2629,0.014243037,1.13383E-05,0.014243037,1.13383E-05
92,515,5,51,205,126,81,121,476,604,449,300,230,145,130,108,133,117,3703,2020,70,68,39,35,108975.2744,267,512-92,28/12/2021 02:08,92,1902,91,1902,92,1941,91,1941,0.013881039,1.04077E-05,0.013881039,1.04077E-05
97,516,5,51,238,142,109,168,606,721,541,378,253,184,140,138,142,124,4379,2020,61,57,39,25,129729.2179,314,512-97,28/12/2021 02:08,97,2997,96,2997,97,3029,96,3029,0.016961813,1.23895E-05,0.016961813,1.23895E-05
95,517,5,51,144,115,73,115,506,539,413,256,177,144,135,123,105,111,3350,2020,67,54,31,25,130391.4254,216,512-95,28/12/2021 02:08,95,3716,94,3716,95,3652,94,3652,0.014889144,1.24528E-05,0.014889144,1.24528E-05
91,521,5,52,60,42,27,81,253,321,197,141,97,89,72,79,81,60,1781,2020,35,28,20,10,120630.7926,88,512-91,28/12/2021 02:08,91,2157,90,2157,91,2060,90,2060,0.015618442,1.15209E-05,0.015618442,1.15209E-05
96,522,5,52,74,49,45,99,286,310,220,129,98,81,84,99,87,71,1992,2020,59,43,27,14,134153.4668,115,512-96,28/12/2021 02:08,96,1799,95,1799,96,1531,95,1531,0.015783727,1.2812E-05,0.015783727,1.2812E-05
99,523,5,52,39,36,37,83,240,306,177,100,99,63,73,68,59,45,1557,2020,28,27,14,7,136556.6922,54,512-99,28/12/2021 02:08,99,827,98,827,99,1216,98,1216,0.015932367,1.30414E-05,0.015932367,1.30414E-05
105,531,5,53,0,0,0,0,0,0,0,0,0,0,0,0,0,0,0,0,0,0,0,0,370541.3576,0,512-105,28/12/2021 02:08,105,1015,104,1015,105,1006,104,1006,0.035666685,3.53853E-05,0.035666685,3.53853E-05
121,532,5,53,50,34,22,21,35,53,49,57,36,28,23,35,30,15,564,2020,11,10,5,10,214961.3746,40,512-121,28/12/2021 02:08,121,1691,120,1691,121,1687,120,1687,0.019176861,2.05271E-05,0.019176861,2.05271E-05
110,533,5,53,198,179,142,194,400,501,383,281,245,203,199,195,148,145,3870,2020,92,58,34,38,315890.785,235,512-110,28/12/2021 02:08,110,5372,109,5372,110,5377,109,5377,0.025626648,3.01661E-05,0.025626648,3.01661E-05
101,541,5,54,51,29,27,51,203,263,177,113,85,56,49,49,35,27,1336,2020,18,15,7,8,91814.97277,71,512-101,28/12/2021 02:08,101,2325,100,2325,101,2350,100,2350,0.013669918,8.76833E-06,0.013669918,8.76833E-06
104,542,5,54,27,18,15,54,227,282,191,103,54,44,26,45,30,17,1211,2020,9,7,1,6,74192.09619,53,512-104,28/12/2021 02:08,104,1605,103,1605,104,1752,103,1752,0.013994216,7.08529E-06,0.013994216,7.08529E-06
102,543,5,54,53,42,24,57,215,295,189,144,78,64,59,57,71,86,1627,2020,44,29,23,12,81149.30117,83,512-102,28/12/2021 02:08,102,1252,101,1252,102,1108,101,1108,0.015835734,7.74981E-06,0.015835734,7.74981E-06
106,544,5,54,102,53,43,83,288,392,244,155,137,89,72,84,77,57,2097,2020,23,22,10,16,74208.97822,149,512-106,28/12/2021 02:08,106,2382,105,2382,106,2548,105,2548,0.010962224,7.087E-06,0.010962224,7.087E-06
114,551,5,55,0,0,0,0,0,0,0,0,0,0,0,0,0,0,0,0,0,0,0,0,42820.99874,0,512-114,28/12/2021 02:08,114,473,113,473,114,342,113,342,0.009406514,4.08929E-06,0.009406514,4.08929E-06
117,552,5,55,14,19,14,61,196,238,142,73,55,50,42,34,40,34,1099,2020,28,8,9,4,139620.4341,38,512-117,28/12/2021 02:08,117,2981,116,2981,117,3045,116,3045,0.016135407,1.33331E-05,0.016135407,1.33331E-05
112,553,5,55,0,0,0,0,0,0,0,0,0,0,0,0,0,0,0,0,0,0,0,0,127794.5845,0,512-112,28/12/2021 02:08,112,2369,111,2369,112,2176,111,2176,0.016255863,1.22039E-05,0.016255863,1.22039E-05
108,554,5,55,61,54,33,41,135,139,129,77,66,57,43,46,42,32,1109,2020,19,13,9,14,48647.8077,100,512-108,28/12/2021 02:08,108,833,107,833,108,1088,107,1088,0.009534829,4.64587E-06,0.009534829,4.64587E-06
109,555,5,55,101,87,57,80,327,392,275,186,127,99,77,66,70,62,2277,2020,40,23,20,15,103820.2366,173,512-109,28/12/2021 02:08,109,3553,108,3553,109,3383,108,3383,0.014281948,9.91475E-06,0.014281948,9.91475E-06
119,556,5,55,42,22,13,82,393,417,294,156,81,67,51,53,54,45,1904,2020,15,14,8,7,80641.14746,89,512-119,28/12/2021 02:08,119,2836,118,2836,119,2965,118,2965,0.011681083,7.70085E-06,0.011681083,7.70085E-06
103,611,6,61,136,137,97,112,409,449,346,251,188,140,96,115,106,62,2918,2020,38,20,13,23,245645.3449,179,512-103,28/12/2021 02:08,103,8381,102,8381,103,8143,102,8143,0.022825883,2.3459E-05,0.022825883,2.3459E-05
88,612,6,61,260,151,79,172,504,611,526,339,233,133,151,207,213,166,4355,2020,90,50,28,21,244520.449,421,512-88,28/12/2021 02:08,88,6231,87,6231,88,6389,87,6389,0.021482043,2.33531E-05,0.021482043,2.33531E-05
82,613,6,61,0,0,0,0,0,0,0,0,0,0,0,0,0,0,0,0,0,0,0,0,472735.5241,0,512-82,28/12/2021 02:08,82,731,81,731,82,736,81,736,0.040104345,4.51492E-05,0.040104345,4.51492E-05
71,621,6,62,15,3,5,19,103,133,53,36,10,10,18,18,10,3,477,2020,3,1,0,0,225108.5256,37,512-71,28/12/2021 02:08,71,377,70,377,71,366,70,366,0.024183447,2.15002E-05,0.024183447,2.15002E-05
93,622,6,62,34,17,12,71,351,496,343,181,110,82,73,62,50,26,2063,2020,20,12,10,10,230554.2613,102,512-93,28/12/2021 02:08,93,2052,92,2052,93,2080,92,2080,0.01928477,2.20188E-05,0.01928477,2.20188E-05
107,623,6,62,0,0,0,0,0,0,0,0,0,0,0,0,0,0,0,0,0,0,0,0,245000.9586,0,512-107,28/12/2021 02:08,107,2407,106,2407,107,2432,106,2432,0.021940029,2.33976E-05,0.021940029,2.33976E-05
113,624,6,62,0,0,0,0,0,0,0,0,0,0,0,0,0,0,0,0,0,0,0,0,246634.9939,0,512-113,28/12/2021 02:08,113,2417,112,2417,113,2434,112,2434,0.021045667,2.35526E-05,0.021045667,2.35526E-05
115,625,6,62,0,0,0,0,0,0,0,0,0,0,0,0,0,0,0,0,0,0,0,0,178844.397,0,512-115,28/12/2021 02:08,115,528,114,528,115,532,114,532,0.019583243,1.70788E-05,0.019583243,1.70788E-05
133,711,7,71,79,56,48,78,217,406,328,162,97,84,97,79,89,63,2146,2020,44,49,9,9,203373.277,151,512-133,28/12/2021 02:08,133,3386,132,3386,133,3402,132,3402,0.021055939,1.94196E-05,0.021055939,1.94196E-05
127,712,7,71,135,70,128,141,384,614,577,338,240,154,133,105,86,81,3500,2020,32,22,14,9,235386.2834,238,512-127,28/12/2021 02:08,127,5991,126,5991,127,5724,126,5724,0.020655255,2.24768E-05,0.020655255,2.24768E-05
141,713,7,71,0,0,0,0,0,0,0,0,0,0,0,0,0,0,0,0,0,0,0,0,156981.4364,0,512-141,28/12/2021 02:08,141,2766,140,2766,141,2794,140,2794,0.016238652,1.49895E-05,0.016238652,1.49895E-05
150,714,7,71,0,0,0,0,0,0,0,0,0,0,0,0,0,0,0,0,0,0,0,0,273354.7125,0,512-150,28/12/2021 02:08,150,1578,149,1578,150,1490,149,1490,0.021558567,2.61004E-05,0.021558567,2.61004E-05
140,715,7,71,72,60,63,67,164,243,186,147,86,58,56,69,55,54,1575,2020,32,19,2,0,307259.1674,142,512-140,28/12/2021 02:08,140,2415,139,2415,140,2120,139,2120,0.021657546,2.93385E-05,0.021657546,2.93385E-05
136,721,7,72,58,34,21,39,42,91,128,107,110,72,88,67,96,54,1111,2020,25,14,16,8,285848.6391,41,512-136,28/12/2021 02:08,136,2066,135,2066,136,2134,135,2134,0.045533613,2.72942E-05,0.045533613,2.72942E-05
152,722,7,72,0,0,0,0,0,0,0,0,0,0,0,0,0,0,0,0,0,0,0,0,325755.3221,0,512-152,28/12/2021 02:08,152,2037,151,2037,152,2058,151,2058,0.036614885,3.11022E-05,0.036614885,3.11022E-05
158,723,7,72,201,195,191,180,150,186,202,196,163,153,169,146,103,69,2646,2020,57,31,11,15,199729.2125,230,512-158,28/12/2021 02:08,158,1576,157,1576,158,1631,157,1631,0.018910014,1.90699E-05,0.018910014,1.90699E-05
171,724,7,72,118,100,116,89,79,83,72,92,61,67,56,53,50,50,1303,2020,43,39,10,5,104467.4253,121,512-171,28/12/2021 02:08,171,804,170,804,171,822,170,822,0.013656102,9.97402E-06,0.013656102,9.97402E-06
174,725,7,72,217,173,184,186,135,169,188,173,133,111,138,136,100,64,2443,2020,29,30,14,8,414566.7056,254,512-174,28/12/2021 02:08,174,2589,173,2589,174,2606,173,2606,0.030282262,3.95785E-05,0.030282262,3.95785E-05
145,731,7,73,167,131,99,114,226,425,353,281,164,123,118,129,105,69,2826,2020,34,20,14,4,190473.0788,246,512-145,28/12/2021 02:08,145,5638,144,5638,145,5689,144,5689,0.017428279,1.81871E-05,0.017428279,1.81871E-05
159,732,7,73,263,240,203,262,309,441,349,237,205,169,181,139,147,83,3709,2020,53,52,32,31,230524.6508,314,512-159,28/12/2021 02:08,159,1501,158,1501,159,1523,158,1523,0.019447523,2.20105E-05,0.019447523,2.20105E-05
168,733,7,73,147,105,71,73,86,151,150,134,92,80,77,68,59,47,1707,2020,43,49,58,47,237661.9377,168,512-168,28/12/2021 02:08,168,1369,167,1369,168,1381,167,1381,0.019239349,2.26911E-05,0.019239349,2.26911E-05
173,734,7,73,328,289,259,230,219,295,295,241,183,128,137,116,90,61,3326,2020,45,20,13,12,229903.7423,363,512-173,28/12/2021 02:08,173,1081,172,1081,173,1093,172,1093,0.019636531,2.19493E-05,0.019636531,2.19493E-05
175,735,7,73,198,167,171,222,212,203,197,164,147,142,119,118,119,105,2659,2020,42,47,27,17,183126.8294,244,512-175,28/12/2021 02:08,175,1082,174,1082,175,1108,174,1108,0.01891377,1.74827E-05,0.01891377,1.74827E-05
177,736,7,73,246,230,234,238,240,285,277,240,208,198,205,213,200,178,3692,2020,85,90,41,18,264118.2164,267,512-177,28/12/2021 02:08,177,2083,176,2083,177,2080,176,2080,0.021788486,2.52138E-05,0.021788486,2.52138E-05
157,741,7,74,165,129,147,203,315,347,241,182,158,155,149,119,114,96,2877,2020,60,49,34,28,244604.5204,186,512-157,28/12/2021 02:08,157,2318,156,2318,157,2294,156,2294,0.02080477,2.33547E-05,0.02080477,2.33547E-05
163,742,7,74,0,0,0,0,0,0,0,0,0,0,0,0,0,0,0,0,0,0,0,0,189546.7601,0,512-163,28/12/2021 02:08,163,391,162,391,163,357,162,357,0.016950114,1.80975E-05,0.016950114,1.80975E-05
170,743,7,74,215,228,214,210,210,222,246,243,229,159,161,167,194,155,3297,2020,81,85,38,19,233991.2099,221,512-170,28/12/2021 02:08,170,1404,169,1404,170,1396,169,1396,0.023621627,2.23403E-05,0.023621627,2.23403E-05
172,744,7,74,287,267,246,246,304,270,291,280,269,235,214,200,216,180,4112,2020,128,106,54,20,1013059.234,298,512-172,28/12/2021 02:08,172,3461,171,3461,172,3514,171,3514,0.046395451,9.67171E-05,0.046395451,9.67171E-05
169,745,7,74,325,221,242,255,326,407,342,261,225,159,167,156,163,122,3864,2020,45,54,36,25,430239.764,332,512-169,28/12/2021 02:08,169,2781,168,2781,169,2833,168,2833,0.026463306,4.10762E-05,0.026463306,4.10762E-05
176,746,7,74,287,248,282,264,274,288,255,207,231,187,183,189,163,170,3738,2020,72,75,40,20,252651.7259,303,512-176,28/12/2021 02:08,176,1497,175,1497,176,1515,175,1515,0.022032604,2.41199E-05,0.022032604,2.41199E-05
178,747,7,74,161,123,150,190,172,219,180,169,173,142,145,172,146,158,2682,2020,79,72,33,15,136926.6508,182,512-178,28/12/2021 02:08,178,818,177,818,178,818,177,818,0.016002079,1.30716E-05,0.016002079,1.30716E-05
124,811,8,81,22,16,11,95,434,626,389,168,84,65,48,46,46,42,2197,2020,15,14,7,4,165976.2261,67,512-124,28/12/2021 02:08,124,4430,123,4430,124,4446,123,4446,0.018253518,1.58494E-05,0.018253518,1.58494E-05
131,812,8,81,88,45,32,212,1025,1477,954,482,273,163,163,138,120,65,5529,2020,33,27,20,12,119067.6698,199,512-131,28/12/2021 02:08,131,3921,130,3921,131,4480,130,4480,0.013934673,1.13697E-05,0.013934673,1.13697E-05
130,813,8,81,36,13,23,93,427,607,377,217,112,72,59,52,56,31,2290,2020,14,7,7,4,68074.76371,81,512-130,28/12/2021 02:08,130,604,129,604,130,637,129,637,0.010581985,6.50041E-06,0.010581985,6.50041E-06
123,814,8,81,67,56,109,144,522,577,449,334,237,190,186,112,114,98,3345,2020,29,26,7,11,226811.885,79,512-123,28/12/2021 02:08,123,2104,122,2104,123,2079,122,2079,0.01985205,2.16584E-05,0.01985205,2.16584E-05
120,815,8,81,12,17,37,31,72,56,86,61,59,53,41,41,27,31,652,2020,6,5,2,6,231819.0355,9,512-120,28/12/2021 02:08,120,1273,119,1273,120,1287,119,1287,0.022141642,2.2137E-05,0.022141642,2.2137E-05
126,816,8,81,13,15,33,26,46,72,63,60,53,49,36,41,22,18,598,2020,8,11,12,7,207465.1019,15,512-126,28/12/2021 02:08,126,536,125,536,126,567,125,567,0.019213669,1.98109E-05,0.019213669,1.98109E-05
132,821,8,82,12,16,26,26,18,19,21,45,58,41,41,42,25,17,450,2020,8,11,10,4,178768.8941,9,512-132,28/12/2021 02:08,132,297,131,297,132,310,131,310,0.017908332,1.70703E-05,0.017908332,1.70703E-05
143,822,8,82,176,106,146,118,234,351,395,290,266,176,147,151,112,93,3079,2020,31,36,23,9,270220.6904,220,512-143,28/12/2021 02:08,143,2707,142,2707,143,2756,142,2756,0.021650333,2.5802E-05,0.021650333,2.5802E-05
138,823,8,82,121,96,68,76,79,132,165,125,92,71,71,70,63,64,1479,2020,25,19,10,5,351145.4538,125,512-138,28/12/2021 02:08,138,1245,137,1245,138,1266,137,1266,0.028481597,3.35285E-05,0.028481597,3.35285E-05
154,824,8,82,127,122,98,104,164,240,256,186,139,123,122,124,99,76,2253,2020,44,49,21,13,201888.0264,146,512-154,28/12/2021 02:08,154,1418,153,1418,154,1425,153,1425,0.019846954,1.92767E-05,0.019846954,1.92767E-05
149,825,8,82,0,0,0,0,0,0,0,0,0,0,0,0,0,0,0,0,0,0,0,0,67016.94738,0,512-149,28/12/2021 02:08,149,1950,148,1950,149,2026,148,2026,0.011021877,6.39906E-06,0.011021877,6.39906E-06
142,826,8,82,24,26,23,43,144,204,155,113,69,72,62,36,33,19,1075,2020,15,1,6,4,122133.366,25,512-142,28/12/2021 02:08,142,685,141,685,142,623,141,623,0.01713267,1.1662E-05,0.01713267,1.1662E-05
155,831,8,83,0,0,0,0,0,0,0,0,0,0,0,0,0,0,0,0,0,0,0,0,408513.706,0,512-155,28/12/2021 02:08,155,511,154,511,155,512,154,512,0.025584421,3.90046E-05,0.025584421,3.90046E-05
164,832,8,83,279,271,232,207,200,268,334,316,268,223,215,211,170,134,3880,2020,76,105,66,17,353780.7465,288,512-164,28/12/2021 02:08,164,1925,163,1925,164,1930,163,1930,0.026116453,3.3778E-05,0.026116453,3.3778E-05
166,833,8,83,383,344,294,307,283,355,399,335,304,248,258,250,255,188,4928,2020,102,111,63,21,448313.6322,426,512-166,28/12/2021 02:08,166,1624,165,1624,166,1661,165,1661,0.032271162,4.2803E-05,0.032271162,4.2803E-05
81,911,9,91,289,214,177,221,308,470,395,355,235,199,183,202,270,272,4529,2020,141,92,62,32,139811.9464,413,512-81,28/12/2021 02:08,81,2900,80,2900,81,3124,80,3124,0.014842443,1.33536E-05,0.014842443,1.33536E-05
85,912,9,91,277,210,150,201,299,377,349,342,254,190,188,198,225,233,4106,2020,113,104,45,27,275598.6102,323,512-85,28/12/2021 02:08,85,2507,84,2507,85,2444,84,2444,0.024520298,2.63216E-05,0.024520298,2.63216E-05
73,913,9,91,0,0,0,0,0,0,0,0,0,0,0,0,0,0,0,0,0,0,0,0,141260.9493,0,512-73,28/12/2021 02:08,73,718,72,718,73,630,72,630,0.024692638,1.34917E-05,0.024692638,1.34917E-05
94,914,9,91,103,66,29,34,64,81,118,106,76,38,34,35,51,24,1000,2020,11,6,1,0,326779.2351,124,512-94,28/12/2021 02:08,94,4108,93,4108,94,4121,93,4121,0.026916794,3.12079E-05,0.026916794,3.12079E-05
98,915,9,91,227,190,145,157,226,302,287,271,250,184,146,136,134,106,3170,2020,65,49,31,16,206431.9563,245,512-98,28/12/2021 02:08,98,1409,97,1409,98,1442,97,1442,0.027588937,1.97143E-05,0.027588937,1.97143E-05
100,916,9,91,137,111,89,95,124,148,146,165,127,98,101,80,79,69,1837,2020,55,37,25,12,165356.8834,139,512-100,28/12/2021 02:08,100,1406,99,1406,100,1453,99,1453,0.015542062,1.57918E-05,0.015542062,1.57918E-05
111,921,9,92,284,225,183,245,391,496,446,330,295,240,200,167,215,188,4626,2020,148,113,86,44,370393.5259,330,512-111,28/12/2021 02:08,111,1600,110,1600,111,1596,110,1596,0.024614873,3.53712E-05,0.024614873,3.53712E-05
122,922,9,92,104,71,78,110,153,223,213,150,123,122,89,97,105,78,2008,2020,44,39,39,30,327197.4125,141,512-122,28/12/2021 02:08,122,1683,121,1683,122,1657,121,1657,0.023279176,3.12446E-05,0.023279176,3.12446E-05
129,923,9,92,8,6,4,3,8,0,7,4,9,6,1,3,8,21,299,2020,21,54,67,60,277234.3051,7,512-129,28/12/2021 02:08,129,1233,128,1233,129,1299,128,1299,0.021690442,2.6473E-05,0.021690442,2.6473E-05
148,924,9,92,89,97,74,93,84,56,90,86,84,71,65,54,74,59,1243,2020,27,27,17,9,125024.6434,88,512-148,28/12/2021 02:08,148,434,147,434,148,429,147,429,0.013794354,1.1938E-05,0.013794354,1.1938E-05
135,925,9,92,199,180,153,179,179,225,267,240,221,151,144,142,178,182,3115,2020,118,83,40,22,241406.4312,214,512-135,28/12/2021 02:08,135,857,134,857,135,811,134,811,0.022510399,2.30514E-05,0.022510399,2.30514E-05
128,926,9,92,228,176,157,136,192,300,356,259,232,147,151,158,144,140,3249,2020,87,69,62,26,244153.2196,228,512-128,28/12/2021 02:08,128,1964,127,1964,128,2022,127,2022,0.02278973,2.33144E-05,0.02278973,2.33144E-05
118,927,9,92,317,277,278,288,334,482,499,414,303,231,230,227,218,181,5093,2020,137,107,60,59,400320.5289,449,512-118,28/12/2021 02:08,118,2015,117,2015,118,2035,117,2035,0.025562888,3.82285E-05,0.025562888,3.82285E-05
116,928,9,92,0,0,0,0,0,0,0,0,0,0,0,0,0,0,0,0,0,0,0,0,232633.4812,0,512-116,28/12/2021 02:08,116,2208,115,2208,116,2204,115,2204,0.019206946,2.22153E-05,0.019206946,2.22153E-05
125,929,9,92,191,134,121,183,317,389,358,289,229,205,225,274,254,277,4209,2020,159,159,117,96,327529.5665,230,512-125,28/12/2021 02:08,125,1824,124,1824,125,1838,124,1838,0.022279728,3.12756E-05,0.022279728,3.12756E-05
146,931,9,93,54,61,57,75,99,111,117,119,98,86,101,128,94,68,1431,2020,42,24,22,10,136560.6646,64,512-146,28/12/2021 02:08,146,666,145,666,146,669,145,669,0.017428334,1.30396E-05,0.017428334,1.30396E-05
147,932,9,93,49,44,39,31,57,52,68,59,48,52,41,49,43,32,756,2020,22,11,8,5,137564.9619,46,512-147,28/12/2021 02:08,147,302,146,302,147,306,146,306,0.016061584,1.31354E-05,0.016061584,1.31354E-05
156,933,9,93,163,183,203,249,251,233,212,232,218,213,188,228,204,159,3409,2020,100,74,52,32,231417.0863,214,512-156,28/12/2021 02:08,156,847,155,847,156,868,155,868,0.020882845,2.20962E-05,0.020882845,2.20962E-05
153,934,9,93,76,73,88,86,99,116,132,105,104,115,109,128,112,91,1615,2020,44,32,13,19,124280.6032,74,512-153,28/12/2021 02:08,153,383,152,383,153,384,152,384,0.015222275,1.18666E-05,0.015222275,1.18666E-05
151,935,9,93,76,76,71,108,124,113,112,97,107,111,130,129,98,75,1627,2020,50,38,20,11,191686.7017,82,512-151,28/12/2021 02:08,151,1052,150,1052,151,1057,150,1057,0.01712263,1.83028E-05,0.01712263,1.83028E-05
165,936,9,93,252,202,216,229,236,281,291,277,250,245,232,156,146,90,3566,2020,56,47,43,17,780148.6271,300,512-165,28/12/2021 02:08,165,1819,164,1819,165,1850,164,1850,0.038850507,7.44858E-05,0.038850507,7.44858E-05
167,937,9,93,340,352,366,345,328,297,383,378,331,307,286,279,289,206,5161,2020,114,118,53,20,1163971.254,372,512-167,28/12/2021 02:08,167,1916,166,1916,167,1917,166,1917,0.048949983,0.000111129,0.048949983,0.000111129
160,941,9,94,274,287,309,321,290,289,292,303,251,222,242,238,216,159,4196,2020,86,79,34,15,253346.8293,290,512-160,28/12/2021 02:08,160,648,159,648,160,654,159,654,0.022232563,2.41898E-05,0.022232563,2.41898E-05
144,942,9,94,315,299,323,292,316,323,388,353,338,270,247,312,339,312,5041,2020,137,83,48,30,239869.342,317,512-144,28/12/2021 02:08,144,975,143,975,144,1010,143,1010,0.021575851,2.29038E-05,0.021575851,2.29038E-05
139,943,9,94,198,214,191,229,218,233,200,193,207,168,185,198,127,88,2988,2020,49,43,19,9,206704.7069,218,512-139,28/12/2021 02:08,139,700,138,700,139,694,138,694,0.021094173,1.97371E-05,0.021094173,1.97371E-05
162,944,9,94,228,197,163,236,246,275,269,235,195,177,251,245,196,159,3509,2020,75,69,38,26,124091.478,229,512-162,28/12/2021 02:08,162,467,161,467,162,466,161,466,0.01439294,1.18483E-05,0.01439294,1.18483E-05
137,945,9,94,183,167,140,145,122,188,206,189,176,148,145,143,129,135,2543,2020,68,49,26,17,149020.5499,166,512-137,28/12/2021 02:08,137,582,136,582,137,598,136,598,0.021351205,1.42293E-05,0.021351205,1.42293E-05
134,946,9,94,202,203,191,166,203,223,258,259,239,178,165,182,198,186,3309,2020,101,81,46,30,155041.1765,200,512-134,28/12/2021 02:08,134,826,133,826,134,826,133,826,0.02418516,1.48043E-05,0.02418516,1.48043E-05
161,947,9,94,298,255,270,269,273,333,361,306,329,284,241,264,302,263,4723,2020,124,110,63,36,185019.2685,343,512-161,28/12/2021 02:08,161,1107,160,1107,161,1134,160,1134,0.017148736,1.76657E-05,0.017148736,1.76657E-05
